Month,Year,Return,,,,,
2,1871,-0.0115,,,,,
3,1871,0.0144,,,,,
4,1871,0.0733,,,,,
5,1871,0.0518,,,,,
6,1871,0.0122,,,,,
7,1871,-0.0138,,,,,
8,1871,0.0311,,,,,
9,1871,-0.0091,,,,,
10,1871,-0.0618,,,,,
11,1871,0.0153,,,,,
12,1871,0.0054,,,,,
1,1872,0.0282,,,,,
2,1872,0.0097,,,,,
3,1872,0.0197,,,,,
4,1872,0.0116,,,,,
5,1872,0.0043,,,,,
6,1872,0.0019,,,,,
7,1872,0.0118,,,,,
8,1872,-0.0146,,,,,
9,1872,-0.0169,,,,,
10,1872,0.0303,,,,,
11,1872,-0.0265,,,,,
12,1872,0.0428,,,,,
1,1873,0.0122,,,,,
2,1873,-0.0073,,,,,
3,1873,-0.0044,,,,,
4,1873,-0.0091,,,,,
5,1873,0.0303,,,,,
6,1873,0.0234,,,,,
7,1873,0.0033,,,,,
8,1873,0.0058,,,,,
9,1873,-0.0717,,,,,
10,1873,-0.0589,,,,,
11,1873,0.0014,,,,,
12,1873,0.0757,,,,,
1,1874,0.0416,,,,,
2,1874,0.0336,,,,,
3,1874,-0.0087,,,,,
4,1874,-0.0093,,,,,
5,1874,-0.0113,,,,,
6,1874,0.0242,,,,,
7,1874,-0.0025,,,,,
8,1874,0.0164,,,,,
9,1874,0.0223,,,,,
10,1874,0.0192,,,,,
11,1874,0.0193,,,,,
12,1874,0.0028,,,,,
1,1875,0.0059,,,,,
2,1875,0.0032,,,,,
3,1875,0.0169,,,,,
4,1875,0.0107,,,,,
5,1875,-0.0078,,,,,
6,1875,0.0001,,,,,
7,1875,0.0081,,,,,
8,1875,0.0023,,,,,
9,1875,0.0024,,,,,
10,1875,-0.0090,,,,,
11,1875,0.0285,,,,,
12,1875,0.0142,,,,,
1,1876,0.0377,,,,,
2,1876,0.0197,,,,,
3,1876,0.0026,,,,,
4,1876,-0.0250,,,,,
5,1876,0.0034,,,,,
6,1876,0.0279,,,,,
7,1876,-0.0067,,,,,
8,1876,-0.0461,,,,,
9,1876,-0.0633,,,,,
10,1876,-0.0193,,,,,
11,1876,-0.0202,,,,,
12,1876,-0.0187,,,,,
1,1877,-0.0192,,,,,
2,1877,-0.0289,,,,,
3,1877,-0.0021,,,,,
4,1877,-0.0905,,,,,
5,1877,-0.0123,,,,,
6,1877,-0.0134,,,,,
7,1877,0.0367,,,,,
8,1877,0.1162,,,,,
9,1877,0.0759,,,,,
10,1877,0.0270,,,,,
11,1877,0.0086,,,,,
12,1877,0.0001,,,,,
1,1878,0.0352,,,,,
2,1878,-0.0047,,,,,
3,1878,0.0416,,,,,
4,1878,0.0461,,,,,
5,1878,0.0414,,,,,
6,1878,0.0493,,,,,
7,1878,0.0103,,,,,
8,1878,-0.0182,,,,,
9,1878,0.0256,,,,,
10,1878,0.0044,,,,,
11,1878,0.0119,,,,,
12,1878,0.0201,,,,,
1,1879,0.0320,,,,,
2,1879,0.0269,,,,,
3,1879,0.0018,,,,,
4,1879,0.0466,,,,,
5,1879,0.0502,,,,,
6,1879,0.0252,,,,,
7,1879,0.0076,,,,,
8,1879,0.0130,,,,,
9,1879,0.0053,,,,,
10,1879,0.0534,,,,,
11,1879,0.0032,,,,,
12,1879,-0.0284,,,,,
1,1880,0.0117,,,,,
2,1880,0.0230,,,,,
3,1880,0.0105,,,,,
4,1880,0.0208,,,,,
5,1880,-0.0475,,,,,
6,1880,0.0276,,,,,
7,1880,0.0511,,,,,
8,1880,0.0414,,,,,
9,1880,-0.0086,,,,,
10,1880,0.0328,,,,,
11,1880,0.0470,,,,,
12,1880,0.0332,,,,,
1,1881,0.0740,,,,,
2,1881,-0.0105,,,,,
3,1881,0.0155,,,,,
4,1881,-0.0085,,,,,
5,1881,0.0578,,,,,
6,1881,0.0149,,,,,
7,1881,-0.0402,,,,,
8,1881,-0.0390,,,,,
9,1881,-0.0261,,,,,
10,1881,-0.0214,,,,,
11,1881,0.0192,,,,,
12,1881,-0.0240,,,,,
1,1882,-0.0125,,,,,
2,1882,-0.0260,,,,,
3,1882,0.0021,,,,,
4,1882,-0.0052,,,,,
5,1882,-0.0177,,,,,
6,1882,-0.0091,,,,,
7,1882,0.0711,,,,,
8,1882,0.0239,,,,,
9,1882,0.0424,,,,,
10,1882,-0.0126,,,,,
11,1882,-0.0296,,,,,
12,1882,0.0184,,,,,
1,1883,0.0003,,,,,
2,1883,-0.0282,,,,,
3,1883,0.0275,,,,,
4,1883,0.0361,,,,,
5,1883,-0.0049,,,,,
6,1883,0.0459,,,,,
7,1883,0.0078,,,,,
8,1883,-0.0408,,,,,
9,1883,0.0269,,,,,
10,1883,-0.0220,,,,,
11,1883,0.0297,,,,,
12,1883,-0.0257,,,,,
1,1884,-0.0253,,,,,
2,1884,0.0314,,,,,
3,1884,0.0003,,,,,
4,1884,-0.0146,,,,,
5,1884,-0.0607,,,,,
6,1884,-0.0343,,,,,
7,1884,0.0167,,,,,
8,1884,0.0699,,,,,
9,1884,-0.0182,,,,,
10,1884,-0.0167,,,,,
11,1884,0.0080,,,,,
12,1884,0.0140,,,,,
1,1885,-0.0179,,,,,
2,1885,0.0240,,,,,
3,1885,0.0306,,,,,
4,1885,-0.0092,,,,,
5,1885,0.0165,,,,,
6,1885,0.0241,,,,,
7,1885,0.0293,,,,,
8,1885,0.0603,,,,,
9,1885,0.0032,,,,,
10,1885,0.0621,,,,,
11,1885,0.0560,,,,,
12,1885,-0.0273,,,,,
1,1886,0.0274,,,,,
2,1886,0.0227,,,,,
3,1886,-0.0055,,,,,
4,1886,0.0020,,,,,
5,1886,0.0086,,,,,
6,1886,0.0624,,,,,
7,1886,0.0057,,,,,
8,1886,-0.0019,,,,,
9,1886,0.0292,,,,,
10,1886,0.0284,,,,,
11,1886,0.0277,,,,,
12,1886,-0.0348,,,,,
1,1887,-0.0312,,,,,
2,1887,-0.0158,,,,,
3,1887,0.0266,,,,,
4,1887,0.0260,,,,,
5,1887,0.0203,,,,,
6,1887,-0.0142,,,,,
7,1887,-0.0093,,,,,
8,1887,-0.0332,,,,,
9,1887,0.0027,,,,,
10,1887,-0.0413,,,,,
11,1887,0.0111,,,,,
12,1887,-0.0247,,,,,
1,1888,-0.0001,,,,,
2,1888,0.0096,,,,,
3,1888,-0.0340,,,,,
4,1888,0.0197,,,,,
5,1888,0.0296,,,,,
6,1888,-0.0158,,,,,
7,1888,0.0175,,,,,
8,1888,0.0250,,,,,
9,1888,0.0282,,,,,
10,1888,-0.0139,,,,,
11,1888,-0.0287,,,,,
12,1888,-0.0159,,,,,
1,1889,0.0592,,,,,
2,1889,0.0269,,,,,
3,1889,-0.0056,,,,,
4,1889,0.0013,,,,,
5,1889,0.0560,,,,,
6,1889,0.0202,,,,,
7,1889,-0.0170,,,,,
8,1889,0.0166,,,,,
9,1889,0.0149,,,,,
10,1889,-0.0149,,,,,
11,1889,-0.0060,,,,,
12,1889,-0.0144,,,,,
1,1890,0.0397,,,,,
2,1890,-0.0081,,,,,
3,1890,-0.0044,,,,,
4,1890,0.0240,,,,,
5,1890,0.0328,,,,,
6,1890,-0.0041,,,,,
7,1890,-0.0040,,,,,
8,1890,-0.0553,,,,,
9,1890,-0.0250,,,,,
10,1890,-0.0421,,,,,
11,1890,-0.0472,,,,,
12,1890,-0.0198,,,,,
1,1891,0.0687,,,,,
2,1891,0.0036,,,,,
3,1891,-0.0266,,,,,
4,1891,0.0246,,,,,
5,1891,0.0114,,,,,
6,1891,0.0074,,,,,
7,1891,-0.0006,,,,,
8,1891,0.0373,,,,,
9,1891,0.0983,,,,,
10,1891,0.0033,,,,,
11,1891,0.0008,,,,,
12,1891,0.0339,,,,,
1,1892,0.0484,,,,,
2,1892,0.0051,,,,,
3,1892,0.0412,,,,,
4,1892,0.0150,,,,,
5,1892,0.0033,,,,,
6,1892,-0.0021,,,,,
7,1892,-0.0231,,,,,
8,1892,0.0045,,,,,
9,1892,-0.0217,,,,,
10,1892,0.0234,,,,,
11,1892,-0.0255,,,,,
12,1892,-0.0198,,,,,
1,1893,-0.0153,,,,,
2,1893,-0.0261,,,,,
3,1893,-0.0091,,,,,
4,1893,0.0161,,,,,
5,1893,-0.0734,,,,,
6,1893,-0.0190,,,,,
7,1893,-0.0651,,,,,
8,1893,0.0209,,,,,
9,1893,0.0333,,,,,
10,1893,0.0204,,,,,
11,1893,0.0467,,,,,
12,1893,-0.0180,,,,,
1,1894,0.0109,,,,,
2,1894,0.0321,,,,,
3,1894,0.0634,,,,,
4,1894,0.0170,,,,,
5,1894,-0.0336,,,,,
6,1894,-0.0099,,,,,
7,1894,-0.0170,,,,,
8,1894,0.0123,,,,,
9,1894,0.0055,,,,,
10,1894,0.0002,,,,,
11,1894,0.0038,,,,,
12,1894,0.0090,,,,,
1,1895,-0.0079,,,,,
2,1895,-0.0103,,,,,
3,1895,0.0038,,,,,
4,1895,0.0030,,,,,
5,1895,0.0439,,,,,
6,1895,0.0089,,,,,
7,1895,0.0212,,,,,
8,1895,0.0321,,,,,
9,1895,0.0094,,,,,
10,1895,-0.0114,,,,,
11,1895,-0.0306,,,,,
12,1895,-0.0423,,,,,
1,1896,0.0058,,,,,
2,1896,0.0605,,,,,
3,1896,-0.0124,,,,,
4,1896,0.0274,,,,,
5,1896,0.0136,,,,,
6,1896,0.0001,,,,,
7,1896,-0.0614,,,,,
8,1896,-0.0533,,,,,
9,1896,0.0563,,,,,
10,1896,-0.0042,,,,,
11,1896,0.0411,,,,,
12,1896,-0.0333,,,,,
1,1897,0.0328,,,,,
2,1897,-0.0061,,,,,
3,1897,0.0058,,,,,
4,1897,-0.0132,,,,,
5,1897,0.0237,,,,,
6,1897,0.0500,,,,,
7,1897,0.0478,,,,,
8,1897,0.0217,,,,,
9,1897,0.0217,,,,,
10,1897,-0.0155,,,,,
11,1897,-0.0323,,,,,
12,1897,0.0245,,,,,
1,1898,0.0303,,,,,
2,1898,-0.0132,,,,,
3,1898,-0.0422,,,,,
4,1898,-0.0141,,,,,
5,1898,-0.0015,,,,,
6,1898,0.1154,,,,,
7,1898,0.0213,,,,,
8,1898,0.0403,,,,,
9,1898,0.0010,,,,,
10,1898,-0.0180,,,,,
11,1898,0.0361,,,,,
12,1898,0.0501,,,,,
1,1899,0.0789,,,,,
2,1899,0.0119,,,,,
3,1899,0.0167,,,,,
4,1899,0.0012,,,,,
5,1899,-0.0393,,,,,
6,1899,-0.0331,,,,,
7,1899,0.0237,,,,,
8,1899,0.0148,,,,,
9,1899,-0.0455,,,,,
10,1899,-0.0144,,,,,
11,1899,0.0092,,,,,
12,1899,-0.0767,,,,,
1,1900,0.0164,,,,,
2,1900,0.0090,,,,,
3,1900,0.0111,,,,,
4,1900,0.0159,,,,,
5,1900,-0.0209,,,,,
6,1900,-0.0146,,,,,
7,1900,-0.0090,,,,,
8,1900,0.0296,,,,,
9,1900,-0.0122,,,,,
10,1900,-0.0080,,,,,
11,1900,0.0399,,,,,
12,1900,0.0953,,,,,
1,1901,0.0843,,,,,
2,1901,0.0414,,,,,
3,1901,0.0387,,,,,
4,1901,0.1003,,,,,
5,1901,-0.0478,,,,,
6,1901,0.1025,,,,,
7,1901,-0.0761,,,,,
8,1901,0.0042,,,,,
9,1901,-0.0142,,,,,
10,1901,-0.0083,,,,,
11,1901,0.0121,,,,,
12,1901,-0.0248,,,,,
1,1902,0.0368,,,,,
2,1902,0.0116,,,,,
3,1902,0.0043,,,,,
4,1902,0.0249,,,,,
5,1902,-0.0113,,,,,
6,1902,-0.0146,,,,,
7,1902,0.0256,,,,,
8,1902,0.0418,,,,,
9,1902,-0.0065,,,,,
10,1902,-0.0921,,,,,
11,1902,-0.0030,,,,,
12,1902,-0.0308,,,,,
1,1903,0.0426,,,,,
2,1903,-0.0028,,,,,
3,1903,-0.0033,,,,,
4,1903,-0.0376,,,,,
5,1903,0.0069,,,,,
6,1903,-0.0517,,,,,
7,1903,-0.0282,,,,,
8,1903,-0.0421,,,,,
9,1903,-0.0313,,,,,
10,1903,-0.0170,,,,,
11,1903,0.0194,,,,,
12,1903,0.0502,,,,,
1,1904,-0.0030,,,,,
2,1904,-0.0453,,,,,
3,1904,0.0120,,,,,
4,1904,0.0403,,,,,
5,1904,0.0057,,,,,
6,1904,0.0053,,,,,
7,1904,0.0452,,,,,
8,1904,0.0255,,,,,
9,1904,0.0357,,,,,
10,1904,0.0621,,,,,
11,1904,0.0336,,,,,
12,1904,0.0128,,,,,
1,1905,0.0248,,,,,
2,1905,0.0469,,,,,
3,1905,0.0430,,,,,
4,1905,-0.0093,,,,,
5,1905,-0.0354,,,,,
6,1905,0.0147,,,,,
7,1905,0.0343,,,,,
8,1905,0.0283,,,,,
9,1905,0.0176,,,,,
10,1905,0.0169,,,,,
11,1905,-0.0139,,,,,
12,1905,0.0160,,,,,
1,1906,0.0374,,,,,
2,1906,-0.0044,,,,,
3,1906,-0.0216,,,,,
4,1906,-0.0107,,,,,
5,1906,-0.0344,,,,,
6,1906,0.0161,,,,,
7,1906,0.0109,,,,,
8,1906,0.0528,,,,,
9,1906,0.0223,,,,,
10,1906,-0.0247,,,,,
11,1906,-0.0117,,,,,
12,1906,-0.0165,,,,,
1,1907,-0.0148,,,,,
2,1907,-0.0485,,,,,
3,1907,-0.0850,,,,,
4,1907,0.0089,,,,,
5,1907,-0.0507,,,,,
6,1907,-0.0379,,,,,
7,1907,0.0427,,,,,
8,1907,-0.0707,,,,,
9,1907,-0.0060,,,,,
10,1907,-0.1132,,,,,
11,1907,-0.0133,,,,,
12,1907,0.0795,,,,,
1,1908,0.0592,,,,,
2,1908,-0.0209,,,,,
3,1908,0.0458,,,,,
4,1908,0.0469,,,,,
5,1908,0.0640,,,,,
6,1908,0.0000,,,,,
7,1908,0.0295,,,,,
8,1908,0.0469,,,,,
9,1908,-0.0071,,,,,
10,1908,0.0053,,,,,
11,1908,0.0602,,,,,
12,1908,0.0155,,,,,
1,1909,0.0177,,,,,
2,1909,-0.0353,,,,,
3,1909,0.0174,,,,,
4,1909,0.0270,,,,,
5,1909,0.0263,,,,,
6,1909,0.0109,,,,,
7,1909,0.0178,,,,,
8,1909,0.0173,,,,,
9,1909,-0.0055,,,,,
10,1909,-0.0122,,,,,
11,1909,-0.0111,,,,,
12,1909,0.0056,,,,,
1,1910,-0.0085,,,,,
2,1910,-0.0322,,,,,
3,1910,0.0090,,,,,
4,1910,-0.0297,,,,,
5,1910,0.0060,,,,,
6,1910,-0.0351,,,,,
7,1910,-0.0465,,,,,
8,1910,0.0386,,,,,
9,1910,0.0209,,,,,
10,1910,0.0821,,,,,
11,1910,0.0237,,,,,
12,1910,-0.0239,,,,,
1,1911,0.0286,,,,,
2,1911,0.0541,,,,,
3,1911,-0.0181,,,,,
4,1911,0.0324,,,,,
5,1911,0.0256,,,,,
6,1911,0.0240,,,,,
7,1911,-0.0110,,,,,
8,1911,-0.0737,,,,,
9,1911,-0.0602,,,,,
10,1911,0.0101,,,,,
11,1911,0.0553,,,,,
12,1911,0.0192,,,,,
1,1912,-0.0053,,,,,
2,1912,-0.0150,,,,,
3,1912,0.0121,,,,,
4,1912,0.0048,,,,,
5,1912,0.0009,,,,,
6,1912,0.0160,,,,,
7,1912,0.0050,,,,,
8,1912,0.0168,,,,,
9,1912,-0.0009,,,,,
10,1912,0.0018,,,,,
11,1912,-0.0073,,,,,
12,1912,-0.0226,,,,,
1,1913,-0.0142,,,,,
2,1913,-0.0315,,,,,
3,1913,-0.0148,,,,,
4,1913,0.0031,,,,,
5,1913,-0.0129,,,,,
6,1913,-0.0556,,,,,
7,1913,0.0080,,,,,
8,1913,0.0314,,,,,
9,1913,0.0038,,,,,
10,1913,-0.0274,,,,,
11,1913,-0.0305,,,,,
12,1913,0.0133,,,,,
1,1914,0.0455,,,,,
2,1914,0.0277,,,,,
3,1914,-0.0147,,,,,
4,1914,-0.0098,,,,,
5,1914,0.0003,,,,,
6,1914,-0.0007,,,,,
7,1914,-0.0607,,,,,
8,1914,-0.1012,,,,,
9,1914,0.0044,,,,,
10,1914,-0.0409,,,,,
11,1914,0.0329,,,,,
12,1914,0.0834,,,,,
1,1915,0.0224,,,,,
2,1915,0.0012,,,,,
3,1915,0.0408,,,,,
4,1915,0.0690,,,,,
5,1915,-0.0289,,,,,
6,1915,0.0156,,,,,
7,1915,0.0004,,,,,
8,1915,0.0467,,,,,
9,1915,0.0412,,,,,
10,1915,0.0489,,,,,
11,1915,0.0286,,,,,
12,1915,0.0057,,,,,
1,1916,-0.0216,,,,,
2,1916,-0.0102,,,,,
3,1916,-0.0085,,,,,
4,1916,-0.0160,,,,,
5,1916,0.0168,,,,,
6,1916,0.0049,,,,,
7,1916,-0.0093,,,,,
8,1916,0.0030,,,,,
9,1916,0.0268,,,,,
10,1916,0.0173,,,,,
11,1916,0.0097,,,,,
12,1916,-0.0439,,,,,
1,1917,-0.0277,,,,,
2,1917,-0.0740,,,,,
3,1917,0.0366,,,,,
4,1917,-0.0567,,,,,
5,1917,-0.0434,,,,,
6,1917,0.0105,,,,,
7,1917,-0.0064,,,,,
8,1917,-0.0385,,,,,
9,1917,-0.0634,,,,,
10,1917,-0.0617,,,,,
11,1917,-0.0764,,,,,
12,1917,-0.0408,,,,,
1,1918,0.0566,,,,,
2,1918,0.0203,,,,,
3,1918,-0.0247,,,,,
4,1918,0.0054,,,,,
5,1918,0.0015,,,,,
6,1918,0.0148,,,,,
7,1918,-0.0264,,,,,
8,1918,0.0084,,,,,
9,1918,-0.0297,,,,,
10,1918,0.0380,,,,,
11,1918,-0.0273,,,,,
12,1918,0.0088,,,,,
1,1919,-0.0104,,,,,
2,1919,0.0586,,,,,
3,1919,-0.0012,,,,,
4,1919,0.0387,,,,,
5,1919,0.0737,,,,,
6,1919,-0.0238,,,,,
7,1919,0.0357,,,,,
8,1919,-0.0895,,,,,
9,1919,0.0188,,,,,
10,1919,0.0629,,,,,
11,1919,-0.0751,,,,,
12,1919,-0.0207,,,,,
1,1920,-0.0446,,,,,
2,1920,-0.0789,,,,,
3,1920,0.0924,,,,,
4,1920,-0.0957,,,,,
5,1920,-0.0491,,,,,
6,1920,-0.0181,,,,,
7,1920,-0.0140,,,,,
8,1920,0.0485,,,,,
9,1920,0.0150,,,,,
10,1920,0.0227,,,,,
11,1920,-0.0708,,,,,
12,1920,-0.0333,,,,,
1,1921,0.0694,,,,,
2,1921,0.0299,,,,,
3,1921,-0.0125,,,,,
4,1921,0.0393,,,,,
5,1921,0.0090,,,,,
6,1921,-0.0630,,,,,
7,1921,0.0274,,,,,
8,1921,-0.0143,,,,,
9,1921,0.0447,,,,,
10,1921,0.0286,,,,,
11,1921,0.0759,,,,,
12,1921,0.0271,,,,,
1,1922,0.0373,,,,,
2,1922,0.0356,,,,,
3,1922,0.0500,,,,,
4,1922,0.0618,,,,,
5,1922,0.0557,,,,,
6,1922,-0.0376,,,,,
7,1922,0.0113,,,,,
8,1922,0.0886,,,,,
9,1922,-0.0100,,,,,
10,1922,0.0219,,,,,
11,1922,-0.0503,,,,,
12,1922,0.0163,,,,,
1,1923,0.0115,,,,,
2,1923,0.0694,,,,,
3,1923,-0.0098,,,,,
4,1923,-0.0283,,,,,
5,1923,-0.0360,,,,,
6,1923,-0.0783,,,,,
7,1923,0.0123,,,,,
8,1923,0.0269,,,,,
9,1923,-0.0319,,,,,
10,1923,-0.0036,,,,,
11,1923,0.0610,,,,,
12,1923,0.0342,,,,,
1,1924,0.0346,,,,,
2,1924,-0.0105,,,,,
3,1924,-0.0162,,,,,
4,1924,0.0026,,,,,
5,1924,0.0106,,,,,
6,1924,0.0410,,,,,
7,1924,0.0428,,,,,
8,1924,0.0157,,,,,
9,1924,0.0000,,,,,
10,1924,-0.0100,,,,,
11,1924,0.0738,,,,,
12,1924,0.0510,,,,,
1,1925,0.0246,,,,,
2,1925,0.0190,,,,,
3,1925,-0.0677,,,,,
4,1925,0.0412,,,,,
5,1925,0.0500,,,,,
6,1925,-0.0030,,,,,
7,1925,0.0284,,,,,
8,1925,0.0073,,,,,
9,1925,0.0304,,,,,
10,1925,0.0614,,,,,
11,1925,-0.0156,,,,,
12,1925,0.0580,,,,,
1,1926,0.0023,,,,,
2,1926,-0.0402,,,,,
3,1926,-0.0499,,,,,
4,1926,0.0188,,,,,
5,1926,0.0203,,,,,
6,1926,0.0535,,,,,
7,1926,0.0346,,,,,
8,1926,0.0541,,,,,
9,1926,0.0213,,,,,
10,1926,-0.0327,,,,,
11,1926,0.0209,,,,,
12,1926,0.0210,,,,,
1,1927,-0.0053,,,,,
2,1927,0.0581,,,,,
3,1927,0.0165,,,,,
4,1927,0.0214,,,,,
5,1927,0.0503,,,,,
6,1927,-0.0168,,,,,
7,1927,0.0877,,,,,
8,1927,0.0545,,,,,
9,1927,0.0300,,,,,
10,1927,-0.0451,,,,,
11,1927,0.0778,,,,,
12,1927,0.0227,,,,,
1,1928,-0.0016,,,,,
2,1928,-0.0026,,,,,
3,1928,0.1121,,,,,
4,1928,0.0358,,,,,
5,1928,0.0099,,,,,
6,1928,-0.0317,,,,,
7,1928,0.0159,,,,,
8,1928,0.0776,,,,,
9,1928,0.0153,,,,,
10,1928,0.0236,,,,,
11,1928,0.1231,,,,,
12,1928,0.0117,,,,,
1,1929,0.0599,,,,,
2,1929,-0.0031,,,,,
3,1929,0.0062,,,,,
4,1929,0.0248,,,,,
5,1929,-0.0458,,,,,
6,1929,0.1089,,,,,
7,1929,0.0362,,,,,
8,1929,0.1007,,,,,
9,1929,-0.0466,,,,,
10,1929,-0.1971,,,,,
11,1929,-0.1306,,,,,
12,1929,0.0350,,,,,
1,1930,0.0727,,,,,
2,1930,0.0310,,,,,
3,1930,0.0894,,,,,
4,1930,-0.0124,,,,,
5,1930,-0.0071,,,,,
6,1930,-0.1565,,,,,
7,1930,0.0527,,,,,
8,1930,0.0175,,,,,
9,1930,-0.1324,,,,,
10,1930,-0.0794,,,,,
11,1930,-0.0111,,,,,
12,1930,-0.0528,,,,,
1,1931,0.0672,,,,,
2,1931,0.1331,,,,,
3,1931,-0.0598,,,,,
4,1931,-0.0861,,,,,
5,1931,-0.1214,,,,,
6,1931,0.1598,,,,,
7,1931,-0.0706,,,,,
8,1931,0.0148,,,,,
9,1931,-0.2916,,,,,
10,1931,0.0981,,,,,
11,1931,-0.0807,,,,,
12,1931,-0.1330,,,,,
1,1932,-0.0027,,,,,
2,1932,0.0746,,,,,
3,1932,-0.1069,,,,,
4,1932,-0.1918,,,,,
5,1932,-0.2161,,,,,
6,1932,0.0069,,,,,
7,1932,0.3851,,,,,
8,1932,0.3928,,,,,
9,1932,-0.0248,,,,,
10,1932,-0.1297,,,,,
11,1932,-0.0461,,,,,
12,1932,0.0652,,,,,
1,1933,0.0278,,,,,
2,1933,-0.1681,,,,,
3,1933,0.0468,,,,,
4,1933,0.4289,,,,,
5,1933,0.1646,,,,,
6,1933,0.1260,,,,,
7,1933,-0.1144,,,,,
8,1933,0.1097,,,,,
9,1933,-0.1112,,,,,
10,1933,-0.0871,,,,,
11,1933,0.1072,,,,,
12,1933,0.0248,,,,,
1,1934,0.1092,,,,,
2,1934,-0.0418,,,,,
3,1934,0.0029,,,,,
4,1934,-0.0242,,,,,
5,1934,-0.0790,,,,,
6,1934,0.0165,,,,,
7,1934,-0.1127,,,,,
8,1934,0.0573,,,,,
9,1934,-0.0153,,,,,
10,1934,-0.0227,,,,,
11,1934,0.0881,,,,,
12,1934,0.0056,,,,,
1,1935,-0.0519,,,,,
2,1935,-0.0437,,,,,
3,1935,-0.0281,,,,,
4,1935,0.0926,,,,,
5,1935,0.0359,,,,,
6,1935,0.0786,,,,,
7,1935,0.0870,,,,,
8,1935,0.0249,,,,,
9,1935,0.0266,,,,,
10,1935,0.0795,,,,,
11,1935,0.0340,,,,,
12,1935,0.0410,,,,,
1,1936,0.0687,,,,,
2,1936,0.0196,,,,,
3,1936,0.0354,,,,,
4,1936,-0.0746,,,,,
5,1936,0.0491,,,,,
6,1936,0.0263,,,,,
7,1936,0.0645,,,,,
8,1936,0.0039,,,,,
9,1936,0.0048,,,,,
10,1936,0.0793,,,,,
11,1936,0.0071,,,,,
12,1936,-0.0024,,,,,
1,1937,0.0344,,,,,
2,1937,0.0183,,,,,
3,1937,-0.0133,,,,,
4,1937,-0.0855,,,,,
5,1937,-0.0134,,,,,
6,1937,-0.0484,,,,,
7,1937,0.0987,,,,,
8,1937,-0.0511,,,,,
9,1937,-0.1440,,,,,
10,1937,-0.0967,,,,,
11,1937,-0.0902,,,,,
12,1937,-0.0384,,,,,
1,1938,0.0349,,,,,
2,1938,0.0749,,,,,
3,1938,-0.2451,,,,,
4,1938,0.1399,,,,,
5,1938,-0.0310,,,,,
6,1938,0.2539,,,,,
7,1938,0.0766,,,,,
8,1938,-0.0230,,,,,
9,1938,0.0202,,,,,
10,1938,0.0863,,,,,
11,1938,-0.0293,,,,,
12,1938,0.0409,,,,,
1,1939,-0.0654,,,,,
2,1939,0.0437,,,,,
3,1939,-0.1324,,,,,
4,1939,0.0055,,,,,
5,1939,0.0663,,,,,
6,1939,-0.0603,,,,,
7,1939,0.1133,,,,,
8,1939,-0.0672,,,,,
9,1939,0.1437,,,,,
10,1939,-0.0035,,,,,
11,1939,-0.0450,,,,,
12,1939,0.0280,,,,,
1,1940,-0.0241,,,,,
2,1940,0.0034,,,,,
3,1940,0.0147,,,,,
4,1940,-0.0007,,,,,
5,1940,-0.2352,,,,,
6,1940,0.0756,,,,,
7,1940,0.0433,,,,,
8,1940,0.0311,,,,,
9,1940,0.0160,,,,,
10,1940,0.0442,,,,,
11,1940,-0.0370,,,,,
12,1940,-0.0054,,,,,
1,1941,-0.0423,,,,,
2,1941,-0.0094,,,,,
3,1941,0.0024,,,,,
4,1941,-0.0653,,,,,
5,1941,0.0019,,,,,
6,1941,0.0384,,,,,
7,1941,0.0609,,,,,
8,1941,-0.0162,,,,,
9,1941,-0.0173,,,,,
10,1941,-0.0744,,,,,
11,1941,-0.0424,,,,,
12,1941,-0.0453,,,,,
1,1942,0.0074,,,,,
2,1942,-0.0315,,,,,
3,1942,-0.0660,,,,,
4,1942,-0.0428,,,,,
5,1942,0.0580,,,,,
6,1942,0.0252,,,,,
7,1942,0.0312,,,,,
8,1942,0.0069,,,,,
9,1942,0.0327,,,,,
10,1942,0.0571,,,,,
11,1942,-0.0145,,,,,
12,1942,0.0507,,,,,
1,1943,0.0767,,,,,
2,1943,0.0553,,,,,
3,1943,0.0388,,,,,
4,1943,-0.0064,,,,,
5,1943,0.0431,,,,,
6,1943,0.0239,,,,,
7,1943,-0.0447,,,,,
8,1943,0.0204,,,,,
9,1943,0.0221,,,,,
10,1943,-0.0090,,,,,
11,1943,-0.0712,,,,,
12,1943,0.0636,,,,,
1,1944,0.0198,,,,,
2,1944,0.0018,,,,,
3,1944,0.0213,,,,,
4,1944,-0.0138,,,,,
5,1944,0.0449,,,,,
6,1944,0.0493,,,,,
7,1944,-0.0222,,,,,
8,1944,0.0128,,,,,
9,1944,0.0010,,,,,
10,1944,0.0042,,,,,
11,1944,0.0081,,,,,
12,1944,0.0334,,,,,
1,1945,0.0184,,,,,
2,1945,0.0656,,,,,
3,1945,-0.0424,,,,,
4,1945,0.0919,,,,,
5,1945,0.0094,,,,,
6,1945,-0.0108,,,,,
7,1945,-0.0164,,,,,
8,1945,0.0617,,,,,
9,1945,0.0455,,,,,
10,1945,0.0337,,,,,
11,1945,0.0357,,,,,
12,1945,0.0075,,,,,
1,1946,0.0730,,,,,
2,1946,-0.0613,,,,,
3,1946,0.0381,,,,,
4,1946,0.0351,,,,,
5,1946,0.0199,,,,,
6,1946,-0.0465,,,,,
7,1946,-0.0767,,,,,
8,1946,-0.0882,,,,,
9,1946,-0.1068,,,,,
10,1946,-0.0228,,,,,
11,1946,-0.0312,,,,,
12,1946,0.0372,,,,,
1,1947,0.0279,,,,,
2,1947,-0.0169,,,,,
3,1947,-0.0296,,,,,
4,1947,-0.0348,,,,,
5,1947,-0.0026,,,,,
6,1947,0.0510,,,,,
7,1947,0.0337,,,,,
8,1947,-0.0320,,,,,
9,1947,-0.0288,,,,,
10,1947,0.0232,,,,,
11,1947,-0.0304,,,,,
12,1947,0.0103,,,,,
1,1948,-0.0459,,,,,
2,1948,-0.0419,,,,,
3,1948,0.0893,,,,,
4,1948,0.0176,,,,,
5,1948,0.0741,,,,,
6,1948,0.0022,,,,,
7,1948,-0.0595,,,,,
8,1948,0.0113,,,,,
9,1948,-0.0226,,,,,
10,1948,0.0747,,,,,
11,1948,-0.0979,,,,,
12,1948,0.0407,,,,,
1,1949,0.0087,,,,,
2,1949,-0.0303,,,,,
3,1949,0.0357,,,,,
4,1949,-0.0157,,,,,
5,1949,-0.0314,,,,,
6,1949,0.0029,,,,,
7,1949,0.0792,,,,,
8,1949,0.0175,,,,,
9,1949,0.0267,,,,,
10,1949,0.0392,,,,,
11,1949,0.0058,,,,,
12,1949,0.0536,,,,,
1,1950,0.0275,,,,,
2,1950,0.0114,,,,,
3,1950,0.0084,,,,,
4,1950,0.0505,,,,,
5,1950,0.0396,,,,,
6,1950,-0.0571,,,,,
7,1950,0.0067,,,,,
8,1950,0.0331,,,,,
9,1950,0.0558,,,,,
10,1950,0.0038,,,,,
11,1950,0.0012,,,,,
12,1950,0.0364,,,,,
1,1951,0.0506,,,,,
2,1951,-0.0053,,,,,
3,1951,-0.0144,,,,,
4,1951,0.0526,,,,,
5,1951,-0.0374,,,,,
6,1951,-0.0177,,,,,
7,1951,0.0756,,,,,
8,1951,0.0518,,,,,
9,1951,-0.0065,,,,,
10,1951,-0.0136,,,,,
11,1951,-0.0036,,,,,
12,1951,0.0381,,,,,
1,1952,0.0216,,,,,
2,1952,-0.0302,,,,,
3,1952,0.0535,,,,,
4,1952,-0.0405,,,,,
5,1952,0.0275,,,,,
6,1952,0.0489,,,,,
7,1952,0.0170,,,,,
8,1952,-0.0100,,,,,
9,1952,-0.0126,,,,,
10,1952,0.0015,,,,,
11,1952,0.0516,,,,,
12,1952,0.0391,,,,,
1,1953,-0.0001,,,,,
2,1953,-0.0118,,,,,
3,1953,-0.0207,,,,,
4,1953,-0.0241,,,,,
5,1953,0.0016,,,,,
6,1953,-0.0142,,,,,
7,1953,0.0297,,,,,
8,1953,-0.0553,,,,,
9,1953,0.0046,,,,,
10,1953,0.0541,,,,,
11,1953,0.0174,,,,,
12,1953,0.0061,,,,,
1,1954,0.0535,,,,,
2,1954,0.0057,,,,,
3,1954,0.0368,,,,,
4,1954,0.0563,,,,,
5,1954,0.0346,,,,,
6,1954,0.0046,,,,,
7,1954,0.0643,,,,,
8,1954,-0.0295,,,,,
9,1954,0.0889,,,,,
10,1954,-0.0122,,,,,
11,1954,0.0823,,,,,
12,1954,0.0549,,,,,
1,1955,0.0215,,,,,
2,1955,0.0055,,,,,
3,1955,-0.0001,,,,,
4,1955,0.0410,,,,,
5,1955,0.0029,,,,,
6,1955,0.0882,,,,,
7,1955,0.0623,,,,,
8,1955,-0.0032,,,,,
9,1955,0.0096,,,,,
10,1955,-0.0263,,,,,
11,1955,0.0758,,,,,
12,1955,0.0024,,,,,
1,1956,-0.0317,,,,,
2,1956,0.0366,,,,,
3,1956,0.0714,,,,,
4,1956,-0.0005,,,,,
5,1956,-0.0662,,,,,
6,1956,0.0380,,,,,
7,1956,0.0493,,,,,
8,1956,-0.0359,,,,,
9,1956,-0.0435,,,,,
10,1956,0.0026,,,,,
11,1956,-0.0079,,,,,
12,1956,0.0339,,,,,
1,1957,-0.0401,,,,,
2,1957,-0.0340,,,,,
3,1957,0.0208,,,,,
4,1957,0.0376,,,,,
5,1957,0.0375,,,,,
6,1957,-0.0021,,,,,
7,1957,0.0116,,,,,
8,1957,-0.0561,,,,,
9,1957,-0.0600,,,,,
10,1957,-0.0285,,,,,
11,1957,0.0165,,,,,
12,1957,-0.0399,,,,,
1,1958,0.0402,,,,,
2,1958,-0.0191,,,,,
3,1958,0.0284,,,,,
4,1958,0.0327,,,,,
5,1958,0.0183,,,,,
6,1958,0.0304,,,,,
7,1958,0.0470,,,,,
8,1958,0.0132,,,,,
9,1958,0.0525,,,,,
10,1958,0.0283,,,,,
11,1958,0.0238,,,,,
12,1958,0.0541,,,,,
1,1959,0.0051,,,,,
2,1959,0.0028,,,,,
3,1959,0.0042,,,,,
4,1959,0.0411,,,,,
5,1959,0.0194,,,,,
6,1959,-0.0034,,,,,
7,1959,0.0360,,,,,
8,1959,-0.0136,,,,,
9,1959,-0.0454,,,,,
10,1959,0.0105,,,,,
11,1959,0.0159,,,,,
12,1959,0.0281,,,,,
1,1960,-0.0675,,,,,
2,1960,0.0107,,,,,
3,1960,-0.0110,,,,,
4,1960,-0.0189,,,,,
5,1960,0.0288,,,,,
6,1960,0.0211,,,,,
7,1960,-0.0199,,,,,
8,1960,0.0270,,,,,
9,1960,-0.0575,,,,,
10,1960,-0.0041,,,,,
11,1960,0.0423,,,,,
12,1960,0.0481,,,,,
1,1961,0.0649,,,,,
2,1961,0.0295,,,,,
3,1961,0.0281,,,,,
4,1961,0.0073,,,,,
5,1961,0.0206,,,,,
6,1961,-0.0263,,,,,
7,1961,0.0324,,,,,
8,1961,0.0214,,,,,
9,1961,-0.0186,,,,,
10,1961,0.0308,,,,,
11,1961,0.0418,,,,,
12,1961,0.0046,,,,,
1,1962,-0.0365,,,,,
2,1962,0.0164,,,,,
3,1962,-0.0054,,,,,
4,1962,-0.0607,,,,,
5,1962,-0.0843,,,,,
6,1962,-0.0780,,,,,
7,1962,0.0664,,,,,
8,1962,0.0162,,,,,
9,1962,-0.0497,,,,,
10,1962,0.0089,,,,,
11,1962,0.1047,,,,,
12,1962,0.0163,,,,,
1,1963,0.0499,,,,,
2,1963,-0.0274,,,,,
3,1963,0.0372,,,,,
4,1963,0.0523,,,,,
5,1963,0.0160,,,,,
6,1963,-0.0208,,,,,
7,1963,-0.0034,,,,,
8,1963,0.0494,,,,,
9,1963,-0.0075,,,,,
10,1963,0.0339,,,,,
11,1963,-0.0089,,,,,
12,1963,0.0237,,,,,
1,1964,0.0275,,,,,
2,1964,0.0134,,,,,
3,1964,0.0167,,,,,
4,1964,0.0083,,,,,
5,1964,0.0130,,,,,
6,1964,0.0179,,,,,
7,1964,0.0204,,,,,
8,1964,-0.0147,,,,,
9,1964,0.0302,,,,,
10,1964,0.0093,,,,,
11,1964,-0.0056,,,,,
12,1964,0.0051,,,,,
1,1965,0.0347,,,,,
2,1965,0.0009,,,,,
3,1965,-0.0130,,,,,
4,1965,0.0345,,,,,
5,1965,-0.0085,,,,,
6,1965,-0.0501,,,,,
7,1965,0.0170,,,,,
8,1965,0.0261,,,,,
9,1965,0.0323,,,,,
10,1965,0.0289,,,,,
11,1965,-0.0094,,,,,
12,1965,0.0082,,,,,
1,1966,0.0064,,,,,
2,1966,-0.0215,,,,,
3,1966,-0.0223,,,,,
4,1966,0.0200,,,,,
5,1966,-0.0536,,,,,
6,1966,-0.0143,,,,,
7,1966,-0.0127,,,,,
8,1966,-0.0805,,,,,
9,1966,-0.0069,,,,,
10,1966,0.0475,,,,,
11,1966,0.0052,,,,,
12,1966,0.0003,,,,,
1,1967,0.0818,,,,,
2,1967,0.0017,,,,,
3,1967,0.0422,,,,,
4,1967,0.0418,,,,,
5,1967,-0.0499,,,,,
6,1967,0.0141,,,,,
7,1967,0.0449,,,,,
8,1967,0.0229,,,,,
9,1967,-0.0030,,,,,
10,1967,-0.0294,,,,,
11,1967,-0.0023,,,,,
12,1967,0.0258,,,,,
1,1968,-0.0441,,,,,
2,1968,-0.0314,,,,,
3,1968,0.0092,,,,,
4,1968,0.0801,,,,,
5,1968,0.0121,,,,,
6,1968,0.0058,,,,,
7,1968,-0.0216,,,,,
8,1968,0.0527,,,,,
9,1968,-0.0028,,,,,
10,1968,0.0040,,,,,
11,1968,0.0475,,,,,
12,1968,-0.0447,,,,,
1,1969,-0.0085,,,,,
2,1969,-0.0475,,,,,
3,1969,0.0285,,,,,
4,1969,0.0184,,,,,
5,1969,-0.0024,,,,,
6,1969,-0.0582,,,,,
7,1969,-0.0626,,,,,
8,1969,0.0401,,,,,
9,1969,-0.0275,,,,,
10,1969,0.0402,,,,,
11,1969,-0.0365,,,,,
12,1969,-0.0211,,,,,
1,1970,-0.0785,,,,,
2,1970,0.0503,,,,,
3,1970,-0.0008,,,,,
4,1970,-0.0923,,,,,
5,1970,-0.0602,,,,,
6,1970,-0.0515,,,,,
7,1970,0.0742,,,,,
8,1970,0.0452,,,,,
9,1970,0.0321,,,,,
10,1970,-0.0144,,,,,
11,1970,0.0453,,,,,
12,1970,0.0544,,,,,
1,1971,0.0407,,,,,
2,1971,0.0118,,,,,
3,1971,0.0369,,,,,
4,1971,0.0363,,,,,
5,1971,-0.0438,,,,,
6,1971,-0.0017,,,,,
7,1971,-0.0411,,,,,
8,1971,0.0362,,,,,
9,1971,-0.0068,,,,,
10,1971,-0.0415,,,,,
11,1971,-0.0023,,,,,
12,1971,0.0863,,,,,
1,1972,0.0181,,,,,
2,1972,0.0192,,,,,
3,1972,0.0119,,,,,
4,1972,0.0043,,,,,
5,1972,0.0155,,,,,
6,1972,-0.0202,,,,,
7,1972,0.0023,,,,,
8,1972,0.0344,,,,,
9,1972,-0.0073,,,,,
10,1972,0.0093,,,,,
11,1972,0.0448,,,,,
12,1972,0.0100,,,,,
1,1973,-0.0195,,,,,
2,1973,-0.0419,,,,,
3,1973,-0.0083,,,,,
4,1973,-0.0450,,,,,
5,1973,-0.0209,,,,,
6,1973,-0.0108,,,,,
7,1973,0.0406,,,,,
8,1973,-0.0513,,,,,
9,1973,0.0381,,,,,
10,1973,-0.0075,,,,,
11,1973,-0.1171,,,,,
12,1973,0.0107,,,,,
1,1974,-0.0177,,,,,
2,1974,-0.0112,,,,,
3,1974,-0.0305,,,,,
4,1974,-0.0420,,,,,
5,1974,-0.0403,,,,,
6,1974,-0.0194,,,,,
7,1974,-0.0799,,,,,
8,1974,-0.0975,,,,,
9,1974,-0.1274,,,,,
10,1974,0.1586,,,,,
11,1974,-0.0583,,,,,
12,1974,-0.0234,,,,,
1,1975,0.1187,,,,,
2,1975,0.0578,,,,,
3,1975,0.0216,,,,,
4,1975,0.0470,,,,,
5,1975,0.0457,,,,,
6,1975,0.0399,,,,,
7,1975,-0.0731,,,,,
8,1975,-0.0212,,,,,
9,1975,-0.0382,,,,,
10,1975,0.0595,,,,,
11,1975,0.0207,,,,,
12,1975,-0.0135,,,,,
1,1976,0.1177,,,,,
2,1976,-0.0101,,,,,
3,1976,0.0319,,,,,
4,1976,-0.0097,,,,,
5,1976,-0.0165,,,,,
6,1976,0.0385,,,,,
7,1976,-0.0102,,,,,
8,1976,0.0183,,,,,
9,1976,-0.0052,,,,,
10,1976,-0.0241,,,,,
11,1976,-0.0079,,,,,
12,1976,0.0504,,,,,
1,1977,-0.0521,,,,,
2,1977,-0.0282,,,,,
3,1977,-0.0155,,,,,
4,1977,-0.0028,,,,,
5,1977,-0.0231,,,,,
6,1977,0.0439,,,,,
7,1977,-0.0174,,,,,
8,1977,-0.0221,,,,,
9,1977,-0.0019,,,,,
10,1977,-0.0441,,,,,
11,1977,0.0245,,,,,
12,1977,0.0021,,,,,
1,1978,-0.0633,,,,,
2,1978,-0.0249,,,,,
3,1978,0.0230,,,,,
4,1978,0.0815,,,,,
5,1978,-0.0009,,,,,
6,1978,-0.0210,,,,,
7,1978,0.0502,,,,,
8,1978,0.0238,,,,,
9,1978,-0.0122,,,,,
10,1978,-0.0956,,,,,
11,1978,0.0151,,,,,
12,1978,0.0133,,,,,
1,1979,0.0351,,,,,
2,1979,-0.0420,,,,,
3,1979,0.0490,,,,,
4,1979,-0.0039,,,,,
5,1979,-0.0329,,,,,
6,1979,0.0316,,,,,
7,1979,0.0021,,,,,
8,1979,0.0475,,,,,
9,1979,-0.0052,,,,,
10,1979,-0.0743,,,,,
11,1979,0.0362,,,,,
12,1979,0.0092,,,,,
1,1980,0.0471,,,,,
2,1980,-0.0128,,,,,
3,1980,-0.1099,,,,,
4,1980,0.0356,,,,,
5,1980,0.0409,,,,,
6,1980,0.0214,,,,,
7,1980,0.0682,,,,,
8,1980,0.0027,,,,,
9,1980,0.0207,,,,,
10,1980,0.0105,,,,,
11,1980,0.0948,,,,,
12,1980,-0.0392,,,,,
1,1981,-0.0507,,,,,
2,1981,0.0081,,,,,
3,1981,0.0330,,,,,
4,1981,-0.0250,,,,,
5,1981,-0.0044,,,,,
6,1981,-0.0152,,,,,
7,1981,-0.0090,,,,,
8,1981,-0.0651,,,,,
9,1981,-0.0586,,,,,
10,1981,0.0505,,,,,
11,1981,0.0367,,,,,
12,1981,-0.0288,,,,,
1,1982,-0.0161,,,,,
2,1982,-0.0589,,,,,
3,1982,-0.0052,,,,,
4,1982,0.0418,,,,,
5,1982,-0.0433,,,,,
6,1982,-0.0264,,,,,
7,1982,-0.0228,,,,,
8,1982,0.1190,,,,,
9,1982,0.0124,,,,,
10,1982,0.1106,,,,,
11,1982,0.0415,,,,,
12,1982,0.0224,,,,,
1,1983,0.0351,,,,,
2,1983,0.0219,,,,,
3,1983,0.0359,,,,,
4,1983,0.0711,,,,,
5,1983,-0.0128,,,,,
6,1983,0.0368,,,,,
7,1983,-0.0334,,,,,
8,1983,0.0119,,,,,
9,1983,0.0107,,,,,
10,1983,-0.0155,,,,,
11,1983,0.0180,,,,,
12,1983,-0.0082,,,,,
1,1984,-0.0124,,,,,
2,1984,-0.0399,,,,,
3,1984,0.0143,,,,,
4,1984,0.0054,,,,,
5,1984,-0.0574,,,,,
6,1984,0.0195,,,,,
7,1984,-0.0162,,,,,
8,1984,0.1072,,,,,
9,1984,-0.0027,,,,,
10,1984,-0.0001,,,,,
11,1984,-0.0132,,,,,
12,1984,0.0243,,,,,
1,1985,0.0759,,,,,
2,1985,0.0065,,,,,
3,1985,-0.0040,,,,,
4,1985,-0.0029,,,,,
5,1985,0.0557,,,,,
6,1985,0.0127,,,,,
7,1985,-0.0033,,,,,
8,1985,-0.0104,,,,,
9,1985,-0.0330,,,,,
10,1985,0.0423,,,,,
11,1985,0.0636,,,,,
12,1985,0.0435,,,,,
1,1986,0.0019,,,,,
2,1986,0.0766,,,,,
3,1986,0.0615,,,,,
4,1986,-0.0077,,,,,
5,1986,0.0502,,,,,
6,1986,0.0131,,,,,
7,1986,-0.0568,,,,,
8,1986,0.0731,,,,,
9,1986,-0.0861,,,,,
10,1986,0.0558,,,,,
11,1986,0.0224,,,,,
12,1986,-0.0290,,,,,
1,1987,0.1285,,,,,
2,1987,0.0357,,,,,
3,1987,0.0252,,,,,
4,1987,-0.0134,,,,,
5,1987,0.0058,,,,,
6,1987,0.0457,,,,,
7,1987,0.0478,,,,,
8,1987,0.0327,,,,,
9,1987,-0.0254,,,,,
10,1987,-0.2174,,,,,
11,1987,-0.0856,,,,,
12,1987,0.0742,,,,,
1,1988,0.0305,,,,,
2,1988,0.0529,,,,,
3,1988,-0.0334,,,,,
4,1988,0.0062,,,,,
5,1988,0.0049,,,,,
6,1988,0.0415,,,,,
7,1988,-0.0070,,,,,
8,1988,-0.0389,,,,,
9,1988,0.0382,,,,,
10,1988,0.0244,,,,,
11,1988,-0.0175,,,,,
12,1988,0.0054,,,,,
1,1989,0.0780,,,,,
2,1989,-0.0281,,,,,
3,1989,0.0183,,,,,
4,1989,0.0428,,,,,
5,1989,0.0369,,,,,
6,1989,-0.0089,,,,,
7,1989,0.0868,,,,,
8,1989,0.0195,,,,,
9,1989,-0.0015,,,,,
10,1989,-0.0327,,,,,
11,1989,0.0163,,,,,
12,1989,0.0389,,,,,
1,1990,-0.0921,,,,,
2,1990,0.0089,,,,,
3,1990,0.0182,,,,,
4,1990,-0.0238,,,,,
5,1990,0.0958,,,,,
6,1990,-0.0087,,,,,
7,1990,-0.0120,,,,,
8,1990,-0.0980,,,,,
9,1990,-0.0274,,,,,
10,1990,-0.0392,,,,,
11,1990,0.0623,,,,,
12,1990,0.0240,,,,,
1,1991,0.0397,,,,,
2,1991,0.0707,,,,,
3,1991,0.0138,,,,,
4,1991,0.0104,,,,,
5,1991,0.0393,,,,,
6,1991,-0.0313,,,,,
7,1991,0.0263,,,,,
8,1991,0.0124,,,,,
9,1991,-0.0115,,,,,
10,1991,0.0120,,,,,
11,1991,-0.0283,,,,,
12,1991,0.0927,,,,,
1,1992,-0.0193,,,,,
2,1992,0.0108,,,,,
3,1992,-0.0230,,,,,
4,1992,0.0271,,,,,
5,1992,0.0078,,,,,
6,1992,-0.0226,,,,,
7,1992,0.0379,,,,,
8,1992,-0.0226,,,,,
9,1992,0.0096,,,,,
10,1992,0.0092,,,,,
11,1992,0.0209,,,,,
12,1992,0.0108,,,,,
1,1993,0.0136,,,,,
2,1993,-0.0001,,,,,
3,1993,0.0226,,,,,
4,1993,-0.0276,,,,,
5,1993,0.0323,,,,,
6,1993,-0.0059,,,,,
7,1993,-0.0006,,,,,
8,1993,0.0308,,,,,
9,1993,-0.0090,,,,,
10,1993,0.0195,,,,,
11,1993,-0.0151,,,,,
12,1993,0.0100,,,,,
1,1994,0.0340,,,,,
2,1994,-0.0298,,,,,
3,1994,-0.0462,,,,,
4,1994,0.0172,,,,,
5,1994,0.0093,,,,,
6,1994,-0.0272,,,,,
7,1994,0.0358,,,,,
8,1994,0.0303,,,,,
9,1994,-0.0264,,,,,
10,1994,0.0218,,,,,
11,1994,-0.0390,,,,,
12,1994,0.0125,,,,,
1,1995,0.0235,,,,,
2,1995,0.0362,,,,,
3,1995,0.0275,,,,,
4,1995,0.0247,,,,,
5,1995,0.0386,,,,,
6,1995,0.0212,,,,,
7,1995,0.0318,,,,,
8,1995,0.0005,,,,,
9,1995,0.0361,,,,,
10,1995,-0.0016,,,,,
11,1995,0.0425,,,,,
12,1995,0.0259,,,,,
1,1996,0.0207,,,,,
2,1996,0.0073,,,,,
3,1996,0.0192,,,,,
4,1996,-0.0019,,,,,
5,1996,0.0238,,,,,
6,1996,0.0099,,,,,
7,1996,-0.0536,,,,,
8,1996,0.0241,,,,,
9,1996,0.0485,,,,,
10,1996,0.0243,,,,,
11,1996,0.0716,,,,,
12,1996,-0.0217,,,,,
1,1997,0.0605,,,,,
2,1997,0.0059,,,,,
3,1997,-0.0417,,,,,
4,1997,0.0590,,,,,
5,1997,0.0585,,,,,
6,1997,0.0452,,,,,
7,1997,0.0782,,,,,
8,1997,-0.0289,,,,,
9,1997,0.0202,,,,,
10,1997,-0.0352,,,,,
11,1997,0.0662,,,,,
12,1997,-0.0037,,,,,
1,1998,0.0314,,,,,
2,1998,0.0480,,,,,
3,1998,0.0528,,,,,
4,1998,0.0088,,,,,
5,1998,-0.0194,,,,,
6,1998,0.0392,,,,,
7,1998,-0.0131,,,,,
8,1998,-0.1456,,,,,
9,1998,0.0634,,,,,
10,1998,0.0914,,,,,
11,1998,0.0470,,,,,
12,1998,0.0557,,,,,
1,1999,0.0345,,,,,
2,1999,-0.0277,,,,,
3,1999,0.0412,,,,,
4,1999,0.0318,,,,,
5,1999,-0.0299,,,,,
6,1999,0.0616,,,,,
7,1999,-0.0358,,,,,
8,1999,-0.0068,,,,,
9,1999,-0.0315,,,,,
10,1999,0.0545,,,,,
11,1999,0.0251,,,,,
12,1999,0.0564,,,,,
1,2000,-0.0530,,,,,
2,2000,-0.0230,,,,,
3,2000,0.0914,,,,,
4,2000,-0.0189,,,,,
5,2000,-0.0328,,,,,
6,2000,0.0187,,,,,
7,2000,-0.0185,,,,,
8,2000,0.0621,,,,,
9,2000,-0.0579,,,,,
10,2000,-0.0058,,,,,
11,2000,-0.0804,,,,,
12,2000,-0.0255,,,,,
1,2001,0.0593,,,,,
2,2001,-0.0932,,,,,
3,2001,-0.0755,,,,,
4,2001,0.0895,,,,,
5,2001,0.0016,,,,,
6,2001,-0.0168,,,,,
7,2001,-0.0180,,,,,
8,2001,-0.0626,,,,,
9,2001,-0.0865,,,,,
10,2001,0.0243,,,,,
11,2001,0.0773,,,,,
12,2001,0.0093,,,,,
1,2002,-0.0163,,,,,
2,2002,-0.0209,,,,,
3,2002,0.0339,,,,,
4,2002,-0.0641,,,,,
5,2002,-0.0085,,,,,
6,2002,-0.0916,,,,,
7,2002,-0.0599,,,,,
8,2002,-0.0379,,,,,
9,2002,-0.0716,,,,,
10,2002,0.0856,,,,,
11,2002,0.0551,,,,,
12,2002,-0.0585,,,,,
1,2003,-0.0305,,,,,
2,2003,-0.0204,,,,,
3,2003,0.0081,,,,,
4,2003,0.0865,,,,,
5,2003,0.0582,,,,,
6,2003,0.0080,,,,,
7,2003,0.0143,,,,,
8,2003,0.0292,,,,,
9,2003,-0.0273,,,,,
10,2003,0.0577,,,,,
11,2003,0.0197,,,,,
12,2003,0.0379,,,,,
1,2004,0.0177,,,,,
2,2004,0.0178,,,,,
3,2004,-0.0266,,,,,
4,2004,-0.0173,,,,,
5,2004,0.0099,,,,,
6,2004,0.0152,,,,,
7,2004,-0.0298,,,,,
8,2004,-0.0009,,,,,
9,2004,0.0076,,,,,
10,2004,0.0102,,,,,
11,2004,0.0353,,,,,
12,2004,0.0340,,,,,
1,2005,-0.0239,,,,,
2,2005,0.0168,,,,,
3,2005,-0.0213,,,,,
4,2005,-0.0175,,,,,
5,2005,0.0276,,,,,
6,2005,0.0009,,,,,
7,2005,0.0318,,,,,
8,2005,-0.0161,,,,,
9,2005,-0.0056,,,,,
10,2005,-0.0182,,,,,
11,2005,0.0431,,,,,
12,2005,0.0168,,,,,
1,2006,0.0038,,,,,
2,2006,0.0022,,,,,
3,2006,0.0109,,,,,
4,2006,0.0042,,,,,
5,2006,-0.0277,,,,,
6,2006,-0.0011,,,,,
7,2006,0.0007,,,,,
8,2006,0.0193,,,,,
9,2006,0.0274,,,,,
10,2006,0.0407,,,,,
11,2006,0.0185,,,,,
12,2006,0.0075,,,,,
1,2007,0.0145,,,,,
2,2007,-0.0233,,,,,
3,2007,0.0086,,,,,
4,2007,0.0385,,,,,
5,2007,0.0306,,,,,
6,2007,-0.0084,,,,,
7,2007,-0.0430,,,,,
8,2007,0.0147,,,,,
9,2007,0.0468,,,,,
10,2007,-0.0005,,,,,
11,2007,-0.0493,,,,,
12,2007,-0.0098,,,,,
1,2008,-0.0632,,,,,
2,2008,-0.0348,,,,,
3,2008,-0.0079,,,,,
4,2008,0.0463,,,,,
5,2008,-0.0035,,,,,
6,2008,-0.0842,,,,,
7,2008,-0.0154,,,,,
8,2008,0.0119,,,,,
9,2008,-0.0862,,,,,
10,2008,-0.1607,,,,,
11,2008,-0.1393,,,,,
12,2008,0.1189,,,,,
1,2009,-0.0871,,,,,
2,2009,-0.1508,,,,,
3,2009,0.1419,,,,,
4,2009,0.0946,,,,,
5,2009,0.0816,,,,,
6,2009,-0.0313,,,,,
7,2009,0.0760,,,,,
8,2009,0.0326,,,,,
9,2009,0.0353,,,,,
10,2009,-0.0152,,,,,
11,2009,0.0497,,,,,
12,2009,0.0188,,,,,
1,2010,-0.0228,,,,,
2,2010,0.0278,,,,,
3,2010,0.0493,,,,,
4,2010,0.0156,,,,,
5,2010,-0.0951,,,,,
6,2010,-0.0354,,,,,
7,2010,0.0916,,,,,
8,2010,-0.0671,,,,,
9,2010,0.0875,,,,,
10,2010,0.0354,,,,,
11,2010,-0.0033,,,,,
12,2010,0.0626,,,,,
1,2011,0.0204,,,,,
2,2011,0.0309,,,,,
3,2011,-0.0048,,,,,
4,2011,0.0230,,,,,
5,2011,-0.0127,,,,,
6,2011,-0.0167,,,,,
7,2011,-0.0269,,,,,
8,2011,-0.0534,,,,,
9,2011,-0.0723,,,,,
10,2011,0.1085,,,,,
11,2011,-0.0040,,,,,
12,2011,0.0256,,,,,
1,2012,0.0261,,,,,
2,2012,0.0410,,,,,
3,2012,0.0386,,,,,
4,2012,-0.0154,,,,,
5,2012,-0.0582,,,,,
6,2012,0.0447,,,,,
7,2012,0.0110,,,,,
8,2012,0.0166,,,,,
9,2012,0.0237,,,,,
10,2012,-0.0237,,,,,
11,2012,0.0075,,,,,
12,2012,0.0092,,,,,
1,2013,0.0497,,,,,
2,2013,0.0081,,,,,
3,2013,0.0358,,,,,
4,2013,0.0259,,,,,
5,2013,0.0230,,,,,
6,2013,-0.0103,,,,,
7,2013,0.0431,,,,,
8,2013,-0.0313,,,,,
9,2013,0.0310,,,,,
10,2013,0.0454,,,,,
11,2013,0.0286,,,,,
12,2013,0.0226,,,,,
1,2014,-0.0369,,,,,
2,2014,0.0446,,,,,
3,2014,0.0063,,,,,
4,2014,0.0055,,,,,
5,2014,0.0215,,,,,
6,2014,0.0193,,,,,
7,2014,-0.0149,,,,,
8,2014,0.0402,,,,,
9,2014,-0.0141,,,,,
10,2014,0.0246,,,,,
11,2014,0.0288,,,,,
12,2014,0.0006,,,,,
1,2015,-0.0237,,,,,
2,2015,0.0551,,,,,
3,2015,-0.0190,,,,,
4,2015,0.0089,,,,,
5,2015,0.0094,,,,,
6,2015,-0.0223,,,,,
7,2015,0.0194,,,,,
8,2015,-0.0602,,,,,
9,2015,-0.0226,,,,,
10,2015,0.0831,,,,,
11,2015,0.0020,,,,,
12,2015,-0.0149,,,,,
1,2016,-0.0497,,,,,
2,2016,0.0002,,,,,
3,2016,0.0653,,,,,
4,2016,0.0006,,,,,
5,2016,0.0152,,,,,
6,2016,-0.0003,,,,,
7,2016,0.0369,,,,,
8,2016,-0.0005,,,,,
9,2016,-0.0017,,,,,
10,2016,-0.0208,,,,,
11,2016,0.0356,,,,,
12,2016,0.0166,,,,,
1,2017,0.0148,,,,,
2,2017,0.0389,,,,,
3,2017,0.0020,,,,,
4,2017,0.0090,,,,,
5,2017,0.0144,,,,,
6,2017,0.0053,,,,,
7,2017,0.0197,,,,,
8,2017,-0.0006,,,,,
9,2017,0.0160,,,,,
10,2017,0.0226,,,,,
11,2017,0.0276,,,,,
12,2017,0.0088,,,,,
1,2018,0.0531,,,,,
2,2018,-0.0387,,,,,
3,2018,-0.0259,,,,,
4,2018,0.0020,,,,,
5,2018,0.0213,,,,,
6,2018,0.0042,,,,,
7,2018,0.0353,,,,,
8,2018,0.0314,,,,,
9,2018,0.0052,,,,,
10,2018,-0.0712,,,,,
11,2018,0.0205,,,,,
12,2018,-0.0902,,,,,
1,2019,0.0803,,,,,
2,2019,0.0303,,,,,
3,2019,0.0153,,,,,
4,2019,0.0372,,,,,
5,2019,-0.0643,,,,,
6,2019,0.0695,,,,,
7,2019,0.0117,,,,,
8,2019,-0.0166,,,,,
9,2019,0.0175,,,,,
10,2019,0.0191,,,,,
11,2019,0.0339,,,,,
12,2019,0.0277,,,,,
1,2020,-0.0018,,,,,
2,2020,-0.0831,,,,,
3,2020,-0.1198,,,,,
4,2020,0.1294,,,,,